Country Name,Country Code,Series Name,Series Code,2012 [YR2012],2013 [YR2013],2014 [YR2014],2015 [YR2015],2016 [YR2016],2017 [YR2017],2018 [YR2018],2019 [YR2019],2020 [YR2020],2021 [YR2021]
Argentina,ARG,GDP (current US$),NY.GDP.MKTP.CD,545982375701.128,552025140252.246,526319673731.638,594749285413.212,557531376217.967,643628665302.155,524819742918.669,452818426182.658,389591035520.675,491492700657.012
Argentina,ARG,GDP growth (annual %),NY.GDP.MKTP.KD.ZG,-1.0264204544321,2.40532378079436,-2.51261532081394,2.73115982828944,-2.08032784377811,2.81850297775918,-2.61739646282038,-2.0259342366392,-9.89526896368687,10.2637609278887
Argentina,ARG,GDP per capita growth (annual %),NY.GDP.PCAP.KD.ZG,-2.14528444981812,1.26568517537076,-3.57858050983289,1.62966427946263,-3.11006389821465,1.75764818265694,-3.60160975657155,-2.99438788864292,-10.7651077297352,9.22395557148646
Argentina,ARG,GDP per capita (current US$),NY.GDP.PCAP.CD,13082.664325572,13080.2547323367,12334.7982453893,13789.060424772,12790.2424732447,14613.041824658,11795.1593866287,10076.3552409481,8585.69474249794,10729.2325777217
Argentina,ARG,Imports of goods and services (% of GDP),NE.IMP.GNFS.ZS,14.2886829096862,14.7167556136651,14.0013150558519,11.7805740385254,13.5667926798789,13.9693177780045,16.3258502050892,14.518503119375,13.5563249239753,15.1283057139326
Argentina,ARG,Imports of goods and services (current US$),NE.IMP.GNFS.CD,78013690406.706,81240190816.9153,73691675720.0984,70064879911.7042,75639125936.7673,89910533566.3871,85681285075.6362,65742457330.4339,52814226649.8628,74354518317.0563
Argentina,ARG,Exports of goods and services (% of GDP),NE.EXP.GNFS.ZS,16.2378594620246,14.6171733884386,14.4054785893756,10.7056520504538,12.5270951690009,11.3202833596733,14.4366857499034,17.6959440658721,16.5918166322906,18.3008985890875
Argentina,ARG,Exports of goods and services (current US$),NE.EXP.GNFS.CD,88655850853.7721,80690471898.442,75818867911.0825,63671789068.8987,69842486095.8653,72860588696.2874,75766577038.619,80130495417.2456,64640230229.4327,89947580720.0073
Argentina,ARG,"Population, total",SP.POP.TOTL,41733271,42202935,42669500,43131966,43590368,44044811,44494502,44938712,45376763,45808747
Argentina,ARG,Gini index,SI.POV.GINI,41.3,40.9,41.6,..,42,41.1,41.3,42.9,42.3,..
Australia,AUS,GDP (current US$),NY.GDP.MKTP.CD,1546508558465.66,1576335282651.07,1467504819608.92,1350534154255.76,1206685107002.47,1326882872011.46,1428529571351.06,1391952510370.48,1327836171068.51,1542659899992.54
Australia,AUS,GDP growth (annual %),NY.GDP.MKTP.KD.ZG,3.91736246328504,2.60021188065653,2.56293152083389,2.17220475337416,2.74164306864724,2.29592694694063,2.87097248021668,2.11314942462376,-0.00383655856659004,1.47516288330458
Australia,AUS,GDP per capita growth (annual %),NY.GDP.PCAP.KD.ZG,2.1188970289609,0.849416992679778,1.04448964055885,0.712256477964445,1.1493474640983,0.587161102950546,1.302840712022,0.571102988410345,-1.27852628341415,1.29385456321015
Australia,AUS,GDP per capita (current US$),NY.GDP.PCAP.CD,68027.8417067378,68156.6279162085,62511.6905895284,56707.0220772116,49881.7637140466,53934.2501750463,57180.7794001614,54875.2859563351,51680.3165229438,59934.1294088895
Australia,AUS,Imports of goods and services (% of GDP),NE.IMP.GNFS.ZS,21.6727652413249,21.289801061405,21.3759568810043,21.5563387787263,21.5478988311826,20.714437559185,21.5125131175846,21.6753124505454,20.0556726199551,17.8347951872512
Australia,AUS,Imports of goods and services (current US$),NE.IMP.GNFS.CD,335171169313.26,335598645737.15,313693197466.263,291125717613.778,260015286067.841,274856324006.335,307312611425.471,301710055786.011,266306475398.847,275130233599.522
Australia,AUS,Exports of goods and services (% of GDP),NE.EXP.GNFS.ZS,21.5046766110772,19.9862800968984,21.0969545582786,20.0692825992002,19.2698631393026,21.2253185048263,21.8697129487245,24.1697272878614,23.9838535266898,22.1821858626712
Australia,AUS,Exports of goods and services (current US$),NE.EXP.GNFS.CD,332571664260.672,315050784856.879,309598824933.444,271042516016.308,232526568641.724,281635115770.42,312415316642.121,336431125733.085,318466282343.478,342195686245.242
Australia,AUS,"Population, total",SP.POP.TOTL,22733465,23128129,23475686,23815995,24190907,24601860,24982688,25365745,25693267,25739256
Australia,AUS,Gini index,SI.POV.GINI,..,..,34.4,..,33.7,..,34.3,..,..,..
Brazil,BRA,GDP (current US$),NY.GDP.MKTP.CD,2465228293894.01,2472819362216.69,2456043766028.73,1802211999538.68,1795693265810.23,2063514688761.98,1916933708381.89,1873288158977.23,1448565936739.56,1608981220812.2
Brazil,BRA,GDP growth (annual %),NY.GDP.MKTP.KD.ZG,1.92117598509462,3.0048226702888,0.503955740273241,-3.54576339347278,-3.2759169063211,1.32286905390815,1.78366676137003,1.22077782271943,-3.87867633425788,4.61942162064217
Brazil,BRA,GDP per capita growth (annual %),NY.GDP.PCAP.KD.ZG,1.01454082117884,2.10888584808248,-0.352483145005351,-4.35147506604415,-4.06941092381417,0.508337980314494,0.988960032623851,0.462903686580418,-4.56146250717985,3.91833658866921
Brazil,BRA,GDP per capita (current US$),NY.GDP.PCAP.CD,12370.2232548476,12300.3867121004,12112.8349554875,8813.98980647828,8710.06328995352,9928.67589653405,9151.38173161536,8876.05983587779,6814.87563196772,7518.83428432838
Brazil,BRA,Imports of goods and services (% of GDP),NE.IMP.GNFS.ZS,13.2367345446598,14.0437266829254,13.6734629959802,14.0534345183566,12.067003036465,11.8007665043122,14.241203878622,14.7673386789991,16.0953836720361,19.0788469417033
Brazil,BRA,Imports of goods and services (current US$),NE.IMP.GNFS.CD,326315725182.595,347275992592.171,335826235513.017,253272683237.134,216686360910.918,243510550202.986,272994437628.695,276634806869.753,233152245260.656,306975064439.509
Brazil,BRA,Exports of goods and services (% of GDP),NE.EXP.GNFS.ZS,11.8775390682698,11.7422306424698,11.0119428229537,12.9001914182073,12.466679044149,12.518967870078,14.6349994949752,14.122919190471,16.795068432705,20.0972752064931
Brazil,BRA,Exports of goods and services (current US$),NE.EXP.GNFS.CD,292808453729.302,290364152883.135,270458135221.802,232488797702.392,223863316065.959,258330740880.453,280543238540.699,264562972897.015,243287640368.263,323361383967.42
Brazil,BRA,"Population, total",SP.POP.TOTL,199287292,201035904,202763744,204471759,206163056,207833825,209469320,211049519,212559409,213993441
Brazil,BRA,Gini index,SI.POV.GINI,53.4,52.7,52,51.9,53.3,53.3,53.9,53.5,48.9,..
Canada,CAN,GDP (current US$),NY.GDP.MKTP.CD,1828366481521.6,1846597421834.98,1805749878439.94,1556508816217.14,1527994741907.43,1649265644244.09,1725329192783.02,1742015045482.31,1645423407568.36,1990761609665.23
Canada,CAN,GDP growth (annual %),NY.GDP.MKTP.KD.ZG,1.76222254945881,2.3291225062102,2.87003607545671,0.659176863558869,1.00139441390405,3.03988022528195,2.77704055379553,1.87959202770178,-5.23302430280606,4.56289386263273
Canada,CAN,GDP per capita growth (annual %),NY.GDP.PCAP.KD.ZG,0.663247994866836,1.25361381330025,1.84102612431141,-0.089285801148975,-0.135842621321913,1.81127891680259,1.33556428524561,0.426917853285573,-6.31922236990395,3.99176106189184
Canada,CAN,GDP per capita (current US$),NY.GDP.PCAP.CD,52669.0899632316,52635.1749580433,50955.9983232404,43596.1355365546,42315.6037056806,45129.4292980922,46548.6384108296,46328.6718408497,43258.2638715601,52051.3514647093
Canada,CAN,Imports of goods and services (% of GDP),NE.IMP.GNFS.ZS,32.2425234169127,31.8991362329537,32.6420862831515,34.3149411035338,33.8611121122194,33.6466506994867,34.1675344147084,33.5038294565728,31.4190824211379,30.535139834226
Canada,CAN,Imports of goods and services (current US$),NE.IMP.GNFS.CD,589511490951.583,589048627265.353,589434433378.268,534115083556.223,517396012626.09,554922650425.45,589502445711.151,583641749946.233,516976936600.6,607881841277.367
Canada,CAN,Exports of goods and services (% of GDP),NE.EXP.GNFS.ZS,30.3530255225878,30.3319386683867,31.7365758733408,31.8499609634443,31.5025724093362,31.4544101509781,32.2801824238976,31.9085326228511,29.3634480170965,30.690537904069
Canada,CAN,Exports of goods and services (current US$),NE.EXP.GNFS.CD,554964544782.69,560108797442.998,573083180253.852,495747450357.728,481357649980.237,518766780219.71,556939410843.12,555851439082.698,483153046942.475,610975446393.962
Canada,CAN,"Population, total",SP.POP.TOTL,34714222,35082954,35437435,35702908,36109487,36545236,37065084,37601230,38037204,38246108
Canada,CAN,Gini index,SI.POV.GINI,33.5,33.8,33.2,33.7,32.7,33.3,..,..,..,..
China,CHN,GDP (current US$),NY.GDP.MKTP.CD,8532229986993.65,9570406235659.64,10475682920597.7,11061553079871.5,11233276536744.7,12310409370894.2,13894817549380.3,14279937500608,14687673892882,17734062645371.4
China,CHN,GDP growth (annual %),NY.GDP.MKTP.KD.ZG,7.86373644866194,7.766150097539,7.42576365645755,7.04132887865481,6.84876220503246,6.94720079327288,6.74977383247717,5.95050075376979,2.2397018568489,8.10979258077933
China,CHN,GDP per capita growth (annual %),NY.GDP.PCAP.KD.ZG,7.13452377748027,7.05073413381821,6.75076031594273,6.42073647723056,6.23821544775225,6.30186310052261,6.25170055569883,5.57531686303849,1.99661901386845,8.01334525952146
China,CHN,GDP per capita (current US$),NY.GDP.PCAP.CD,6300.61511825789,7020.33848453658,7636.11660125502,8016.43143498003,8094.36336675194,8816.98690451989,9905.34200389253,10143.8381955595,10408.6697561349,12556.3331200058
China,CHN,Imports of goods and services (% of GDP),NE.IMP.GNFS.ZS,22.7750001428637,22.1451211404583,21.3951550469261,18.110089452417,17.3100349634307,17.9401362522062,18.4536805657234,17.4801037187624,16.048189509327,17.4219685850731
China,CHN,Imports of goods and services (current US$),NE.IMP.GNFS.CD,1943215391727.26,2119378054520.8,2241288603086.24,2003257157591.33,1944484096049.36,2208504214342.78,2564105245752.72,2496147886080.71,2357105740841.64,3089622822933.79
China,CHN,Exports of goods and services (% of GDP),NE.EXP.GNFS.ZS,25.4925222245396,24.599254436897,23.5100609074235,21.3540798828848,19.5843800536482,19.6922769882201,19.1121035364139,18.4099923154801,18.541060011129,20.0098140678205
China,CHN,Exports of goods and services (current US$),NE.EXP.GNFS.CD,2175080625683.19,2354248580554.57,2462839435101.08,2362092880963.47,2199967569433.37,2424199911700.3,2655591916233.37,2628935396517.28,2723250430718.18,3548552962009.61
China,CHN,"Population, total",SP.POP.TOTL,1354190000,1363240000,1371860000,1379860000,1387790000,1396215000,1402760000,1407745000,1411100000,1412360000
China,CHN,Gini index,SI.POV.GINI,42.2,39.7,39.2,38.6,38.5,39.1,38.5,38.2,..,..
France,FRA,GDP (current US$),NY.GDP.MKTP.CD,2683671716967.19,2811876903329.03,2855964488590.19,2439188643162.5,2472964344587.17,2595151045197.65,2790956878746.66,2728870246705.88,2630317731455.26,2937472757953.44
France,FRA,GDP growth (annual %),NY.GDP.MKTP.KD.ZG,0.313134751077172,0.576326674771792,0.956183052371557,1.1129123405747,1.09546440372048,2.29141999417021,1.86506607081999,1.84297181445896,-7.85525603703762,6.96357078755028
France,FRA,GDP per capita growth (annual %),NY.GDP.PCAP.KD.ZG,-0.171206729763156,0.0599163796786826,0.479077572349041,0.754024352327519,0.829056664516742,1.99499844733441,1.58587880599642,1.62035845279964,-8.03437920909296,6.77430681090667
France,FRA,GDP per capita (current US$),NY.GDP.PCAP.CD,40872.3624615688,42605.0443782179,43068.5487241739,36652.9223052178,37062.5335723829,38781.0494870836,41592.795896432,40578.6442850534,39037.1226309074,43518.5385130851
France,FRA,Imports of goods and services (% of GDP),NE.IMP.GNFS.ZS,30.499031981938,30.3993172078638,30.8121120215465,31.1590715564548,30.852605198715,32.0132141063066,32.7242853866575,32.549417775836,29.893784250888,32.0187581333024
France,FRA,Imports of goods and services (current US$),NE.IMP.GNFS.CD,818493895248.047,854791379337.649,879982977519.997,760028534719.922,762973925940.469,830791260481.178,913320694019.607,888231377160.783,786301507754.088,940542297600.76
France,FRA,Exports of goods and services (% of GDP),NE.EXP.GNFS.ZS,29.2030271868495,29.3647378670492,29.666684498073,30.5926223781313,30.2475371833945,30.9486331871,31.7136672102555,31.5920554143668,27.8736440773647,29.9475039619651
France,FRA,Exports of goods and services (current US$),NE.EXP.GNFS.CD,783713381111.719,825700281806.669,847269974207.056,746211770692.968,748010809661.091,803163777629.413,885114776507.45,862106200525.489,733165402569.652,879699770569.753
France,FRA,"Population, total",SP.POP.TOTL,65659814,65998685,66312067,66548272,66724104,66918020,67101930,67248926,67379908,67499343
France,FRA,Gini index,SI.POV.GINI,33.1,32.5,32.3,32.7,31.9,31.6,32.4,..,..,..
Germany,DEU,GDP (current US$),NY.GDP.MKTP.CD,3527143188785.16,3733804649549.03,3889093051023.52,3357585719351.56,3469853463945.53,3690849152517.65,3977289455388.23,3888326788627.44,3846413928653.71,4223116205968.92
Germany,DEU,GDP growth (annual %),NY.GDP.MKTP.KD.ZG,0.418497594217598,0.437591303144671,2.20954343134872,1.49193152760772,2.22999986782015,2.68023111405891,1.08602451412267,1.05550824713283,-4.56961671737398,2.89260243321934
Germany,DEU,GDP per capita growth (annual %),NY.GDP.PCAP.KD.ZG,0.230160992711959,0.163870562978019,1.7843418861469,0.617105353219898,1.40810207548923,2.29720604740949,0.782690047310425,0.827864779161388,-4.64754497642672,2.93169775011586
Germany,DEU,GDP per capita (current US$),NY.GDP.PCAP.CD,43855.8544658618,46298.9229177341,48023.8699845462,41103.2564363768,42136.1207907991,44652.5891722719,47973.6076235097,46794.8992915603,46252.6893044892,50801.7867105308
Germany,DEU,Imports of goods and services (% of GDP),NE.IMP.GNFS.ZS,40.2069347359679,39.6601988368577,39.0008300796262,39.3254862566007,38.6963831131131,40.0741622693716,41.1333606503833,40.9754271812515,37.6916521160722,41.9267242103612
Germany,DEU,Imports of goods and services (current US$),NE.IMP.GNFS.CD,1418156159958.98,1480834348190.98,1516778572468.23,1320386910617.19,1342707789871.99,1479076878497.65,1635992815794.51,1593258511843.13,1449776956932.3,1770614284759.66
Germany,DEU,Exports of goods and services (% of GDP),NE.EXP.GNFS.ZS,46.3071201430804,45.4186778593914,45.6192633128717,46.920738356608,46.0732628543356,47.1630406836519,47.3010457679357,46.6242388472224,43.4168953188659,47.4590687331612
Germany,DEU,Exports of goods and services (current US$),NE.EXP.GNFS.CD,1633318434049.22,1695844705677.65,1774175599429.01,1575404010475.78,1598674707103.9,1740716687374.12,1881299505616.47,1812902769090.19,1669993508933.86,2004251622872.06
Germany,DEU,"Population, total",SP.POP.TOTL,80425823,80645605,80982500,81686611,82348669,82657002,82905782,83092962,83160871,83129285
Germany,DEU,Gini index,SI.POV.GINI,31.1,31.5,30.9,31.6,31.6,31.2,31.7,..,..,..
India,IND,GDP (current US$),NY.GDP.MKTP.CD,1827637859135.7,1856722121394.53,2039127446298.55,2103587813812.75,2294797980509.01,2651472946374.91,2702929718960.46,2831552222519.99,2667687951796.56,3173397590816.91
India,IND,GDP growth (annual %),NY.GDP.MKTP.KD.ZG,5.45638875297365,6.38610640094825,7.41022760508854,7.99625378571471,8.25630550179086,6.79538341897911,6.45385134497769,3.73791851955785,-6.59608052232176,8.94796266921514
India,IND,GDP per capita growth (annual %),NY.GDP.PCAP.KD.ZG,4.16567305225209,5.13507450641239,6.18667951266134,6.79675906426532,7.08222758310927,5.66578114880545,5.35475685010769,2.69208982670941,-7.51567499237055,7.89987911635217
India,IND,GDP per capita (current US$),NY.GDP.PCAP.CD,1443.88243476138,1449.61045069641,1573.88564182956,1605.60544457087,1732.55424231659,1980.66701982802,1998.25907627675,2072.24489735041,1933.1010689481,2277.43434674354
India,IND,Imports of goods and services (% of GDP),NE.IMP.GNFS.ZS,31.2592910673332,28.4132706461587,25.9542227389497,22.1097247094602,20.9242508026814,21.9507321152243,23.6891407335327,21.2715452265501,19.0964548921913,22.863539745401
India,IND,Imports of goods and services (current US$),NE.IMP.GNFS.CD,571306638044.004,527555481498.928,529239679343.382,465097474655.75,480169284856.572,582017723566.401,640300825053.023,602314911626.726,509433826379.252,725551019456.021
India,IND,Exports of goods and services (% of GDP),NE.EXP.GNFS.ZS,24.534430661418,25.430861300519,22.9679630081172,19.8131891564045,19.1582349105946,18.7917648392982,19.9278285988562,18.6909827074089,18.7088986865584,20.8136349598302
India,IND,Exports of goods and services (current US$),NE.EXP.GNFS.CD,448400543291.471,472180427427.899,468346037554.217,416787832621.795,439642787829.497,498258560860.385,538635201541.984,529244936262.465,499095036175.143,660499390376.678
India,IND,"Population, total",SP.POP.TOTL,1265780243,1280842119,1295600768,1310152392,1324517250,1338676779,1352642283,1366417756,1380004385,1393409033
India,IND,Gini index,SI.POV.GINI,..,..,..,34.7,34.8,35.9,34.6,35.7,..,..
Indonesia,IDN,GDP (current US$),NY.GDP.MKTP.CD,917869910105.749,912524136718.018,890814755233.225,860854235065.079,931877364177.742,1015618742565.81,1042271531011.99,1119099868265.25,1058688935454.78,1186092991320.04
Indonesia,IDN,GDP growth (annual %),NY.GDP.MKTP.KD.ZG,6.03005065305615,5.5572636889101,5.006668425755,4.87632230022123,5.03306918280177,5.06978590134916,5.17429153955024,5.01928768046282,-2.06500494092904,3.69124011191289
Indonesia,IDN,GDP per capita growth (annual %),NY.GDP.PCAP.KD.ZG,4.60648552222868,4.15142822863413,3.63907230281121,3.55506249544388,3.75883733214852,3.84119726442658,3.98782486089075,3.87255979040009,-3.10265171941667,2.62635680078482
Indonesia,IDN,GDP per capita (current US$),NY.GDP.PCAP.CD,3694.35933980214,3623.92724054274,3491.63749125449,3331.69511469189,3562.81633352183,3837.57802362633,3893.85957814877,4135.23334351202,3870.55761979249,4291.81255449121
Indonesia,IDN,Imports of goods and services (% of GDP),NE.IMP.GNFS.ZS,24.9885195110858,24.7137962959288,24.414190988586,20.7774609817235,18.3323479486654,19.17819263535,22.071562457954,19.0362497386225,15.7041742336216,18.8619567220109
Indonesia,IDN,Imports of goods and services (current US$),NE.IMP.GNFS.CD,229362101573.161,225519356299.674,217485215697.145,178863652800.161,170835000855.915,194777318889.991,230045611948.785,213034645747.568,166258355015.893,223720346705.59
Indonesia,IDN,Exports of goods and services (% of GDP),NE.EXP.GNFS.ZS,24.5943787881769,23.9235763793605,23.6659845969367,21.1601792598059,19.0889938536664,20.1773044351106,21.0027464972455,18.5915277970883,17.2714213388682,21.5608110101497
Indonesia,IDN,Exports of goods and services (current US$),NE.EXP.GNFS.CD,225744402474.106,218308408827.835,210820082760.734,182158299305.401,177886012771.598,204924485587.546,218905647471.407,208057763085.712,182850626710.373,255731268263.145
Indonesia,IDN,"Population, total",SP.POP.TOTL,248451714,251805314,255128076,258383257,261556386,264650969,267670549,270625567,273523621,276361788
Indonesia,IDN,Gini index,SI.POV.GINI,40.5,40.8,40.2,40.4,39.3,38.8,38.4,37.6,37.6,37.9
Italy,ITA,GDP (current US$),NY.GDP.MKTP.CD,2086957656821.6,2141924094298.56,2162009615996.54,1836637711060.55,1877071687633.78,1961796197354.36,2091932426266.98,2011285742552.15,1892574064222.11,2099880198258.88
Italy,ITA,GDP growth (annual %),NY.GDP.MKTP.KD.ZG,-2.98090576823772,-1.84106545088248,-0.00454754236383792,0.778304350716581,1.29346273155907,1.66785904106857,0.925810941012742,0.500233912506772,-9.0256689277568,6.64379018966193
Italy,ITA,GDP per capita growth (annual %),NY.GDP.PCAP.KD.ZG,-3.24206011995115,-2.97240379999698,-0.917813879753353,0.875477401786128,1.46569044434084,1.82033385192226,1.11781661979235,1.6657365514354,-8.5978734610482,7.33584013982002
Italy,ITA,GDP per capita (current US$),NY.GDP.PCAP.CD,35051.5212697703,35560.0814062288,35565.7213771496,30242.3861352184,30960.7315088902,32406.7203150134,34622.1696664741,33673.4754474483,31834.9726184046,35551.2849900071
Italy,ITA,Imports of goods and services (% of GDP),NE.IMP.GNFS.ZS,27.2754780086443,26.2343363170751,26.2132869642331,26.7021937892476,26.0397120675783,27.8704426276557,28.9499970418731,28.2767918537434,25.8701307761856,30.3215536191553
Italy,ITA,Imports of goods and services (current US$),NE.IMP.GNFS.CD,569227676736.094,561919570554.747,566733784835.488,490422560813.789,488784062761.869,546761283655.177,605614375522.274,568727083005.489,489611385450.429,636716300253.091
Italy,ITA,Exports of goods and services (% of GDP),NE.EXP.GNFS.ZS,28.3792428359574,28.6332430796987,29.1088281864091,29.7159823723612,29.3278907466434,30.733733319636,31.3535542007886,31.602678297603,29.5325109400603,32.738503051982
Italy,ITA,Exports of goods and services (current US$),NE.EXP.GNFS.CD,592262781313.008,613302332503.139,629335664494.076,545774938462.89,550505533785.41,602933211569.648,655895167113.49,635620162864.313,558924642565.138,687469342794.95
Italy,ITA,"Population, total",SP.POP.TOTL,59539717,60233948,60789140,60730582,60627498,60536709,60421760,59729081,59449527,59066225
Italy,ITA,Gini index,SI.POV.GINI,35.2,34.9,34.7,35.4,35.2,35.9,35.2,..,..,..
Japan,JPN,GDP (current US$),NY.GDP.MKTP.CD,6272362996105.03,5212328181166.18,4896994405353.29,4444930651964.18,5003677627544.24,4930837369151.42,5037835383110.97,5123318151510.62,5040107754084.11,4937421880461.55
Japan,JPN,GDP growth (annual %),NY.GDP.MKTP.KD.ZG,1.37475099920874,2.0051001767726,0.296205514142628,1.56062669674904,0.753826745903538,1.67533175166503,0.584068067242868,-0.240350840922716,-4.50690454226634,1.62079552541303
Japan,JPN,GDP per capita growth (annual %),NY.GDP.PCAP.KD.ZG,1.53678665884595,2.15237106564643,0.429381122520397,1.66846511711745,0.805362824616168,1.75861180161444,0.711770198436739,-0.100125010765368,-4.22555534092724,2.08927940493379
Japan,JPN,GDP per capita (current US$),NY.GDP.PCAP.CD,49145.2804308193,40898.6478964744,38475.3952461838,34960.6393843385,39375.4731620781,38834.0529341227,39727.1165995928,40458.0018755824,39918.1675583443,39285.1631062756
Japan,JPN,Imports of goods and services (% of GDP),NE.IMP.GNFS.ZS,16.0561363041928,18.1946119190738,20.0127792201784,17.990648516827,15.2522776095286,16.831774467385,18.3060461935761,17.7344423690114,15.8001573523187,..
Japan,JPN,Imports of goods and services (current US$),NE.IMP.GNFS.CD,1007099152148.38,948362884511.706,980024678767.845,799671850411.581,763174802438.923,829947425329.105,922228472388.616,908591904960.75,796344955871.704,..
Japan,JPN,Exports of goods and services (% of GDP),NE.EXP.GNFS.ZS,14.4147746129824,15.7841567318773,17.4186553484795,17.4367598376529,16.0579692360598,17.5914391047836,18.3260176546997,17.4453778322738,15.5585542763298,..
Japan,JPN,Exports of goods and services (current US$),NE.EXP.GNFS.CD,904146988796.653,822722049495.078,852990577902.813,775051882733.212,803489014102.661,867405253150.188,923234601723.625,893782209080.495,784167900504.685,..
Japan,JPN,"Population, total",SP.POP.TOTL,127629000,127445000,127276000,127141000,127076000,126972000,126811000,126633000,126261000,125681593
Japan,JPN,Gini index,SI.POV.GINI,..,32.9,..,..,..,..,..,..,..,..
"Korea, Rep.",KOR,GDP (current US$),NY.GDP.MKTP.CD,1278427634342.59,1370795199976.18,1484318219633.63,1465773245547.15,1500111596236.37,1623901496835.79,1724845615629.26,1651422932447.77,1637895802792.9,1798533915091.14
"Korea, Rep.",KOR,GDP growth (annual %),NY.GDP.MKTP.KD.ZG,2.40253099246186,3.16470863647184,3.2024537945736,2.80910326824133,2.94688171508626,3.15963574012777,2.90740377377135,2.24397786011012,-0.852031428863825,4.02115847345807
"Korea, Rep.",KOR,GDP per capita growth (annual %),NY.GDP.PCAP.KD.ZG,1.86559949596563,2.69615096128955,2.55621950883497,2.26842940068582,2.5391447288435,2.87019696151147,2.46224621613314,1.8889146004307,-0.988631819016462,4.20482274780308
"Korea, Rep.",KOR,GDP per capita (current US$),NY.GDP.PCAP.CD,25466.7605170594,27182.7343101936,29249.5752209742,28732.2310762599,29288.8704389833,31616.8434004683,33436.9230646064,31902.4169048194,31597.5046490718,34757.7200705078
"Korea, Rep.",KOR,Imports of goods and services (% of GDP),NE.IMP.GNFS.ZS,51.3642764025061,46.6600338441855,42.7830210318588,36.142932861381,33.4711585544775,36.1867108656532,37.2755746703469,36.4812778978581,32.7696616159181,38.0421656384186
"Korea, Rep.",KOR,Imports of goods and services (current US$),NE.IMP.GNFS.CD,656655103709.745,639613504243.355,635036176085.567,529773440038.191,502104730870.38,587636539402.982,642946115402.09,602460189255.229,536732912196.558,684201251042.105
"Korea, Rep.",KOR,Exports of goods and services (% of GDP),NE.EXP.GNFS.ZS,54.0940513351953,51.2920711097027,47.8314208662979,42.989561527711,40.1326509111205,40.9342069409884,41.7132908430894,39.2758610673609,36.4458591055729,41.7227985079378
"Korea, Rep.",KOR,Exports of goods and services (current US$),NE.EXP.GNFS.CD,691553300804.601,703109248740.173,709970494628.1,630129491251.218,602034550194.781,664731199232.572,719489868241.708,648610576582.722,596945196581.99,750398681490.401
"Korea, Rep.",KOR,"Population, total",SP.POP.TOTL,50199853,50428893,50746659,51014947,51217803,51361911,51585058,51764822,51836239,51744876
"Korea, Rep.",KOR,Gini index,SI.POV.GINI,31.6,..,31.2,..,31.4,..,..,..,..,..
Mexico,MEX,GDP (current US$),NY.GDP.MKTP.CD,1201089987015.45,1274443084716.57,1315351183524.54,1171867608197.72,1078490651625.31,1158913035796.37,1222408203104.3,1269404276770.7,1087117783073.31,1293037866360.17
Mexico,MEX,GDP growth (annual %),NY.GDP.MKTP.KD.ZG,3.64232267941347,1.35409196151679,2.84977325490688,3.29315152833387,2.63053242455089,2.11312913549695,2.19499472522698,-0.18590678837252,-8.16735801037942,4.79719174934905
Mexico,MEX,GDP per capita growth (annual %),NY.GDP.PCAP.KD.ZG,2.24713983020912,0.0294527950694885,1.54403510691023,2.01903688371814,1.40302067337798,0.931456541585035,1.05031421707116,-1.26932197948273,-9.13404384304538,3.72762293558684
Mexico,MEX,GDP per capita (current US$),NY.GDP.PCAP.CD,10241.727828043,10725.1835873796,10928.9160089988,9616.64555810607,8744.51555912786,9287.84958732302,9686.98492655586,9950.2176218348,8431.66501744762,9926.42276755436
Mexico,MEX,Imports of goods and services (% of GDP),NE.IMP.GNFS.ZS,33.5016780596676,32.4592236648864,33.0519165924803,36.5642042713542,39.020038053624,39.4641760467353,41.3018324998763,39.0639791777575,37.5557252363222,41.934489409108
Mexico,MEX,Imports of goods and services (current US$),NE.IMP.GNFS.CD,402385300656.821,413674331349.828,434748776076.735,428484066051.248,420827462668.974,457355480675.244,504876988510.884,495879822359.268,408274967606.211,542228827124.563
Mexico,MEX,Exports of goods and services (% of GDP),NE.EXP.GNFS.ZS,32.2655677637235,31.3056529459396,31.8734413093812,34.5248858421072,37.0421710841871,37.6515684577081,39.2575517289021,38.8092813307908,39.6030465121765,40.4297423970169
Mexico,MEX,Exports of goods and services (current US$),NE.EXP.GNFS.CD,387538503663.769,398972729094.895,419247687492.947,404585953950.897,399496352302.013,436348935038.174,479887532672.012,492646676997.031,430531761272.666,522771878465.303
Mexico,MEX,"Population, total",SP.POP.TOTL,117274156,118827158,120355137,121858251,123333379,124777326,126190782,127575529,128932753,130262220
Mexico,MEX,Gini index,SI.POV.GINI,48.7,..,48.7,..,47.7,..,46.7,..,45.4,..
Russian Federation,RUS,GDP (current US$),NY.GDP.MKTP.CD,2208295773643.15,2292473246621.08,2059241965490.83,1363481063446.77,1276786979221.81,1574199387070.9,1657329646183.62,1693113904262.89,1488321875489.74,1775799919352.98
Russian Federation,RUS,GDP growth (annual %),NY.GDP.MKTP.KD.ZG,4.02408615720979,1.75542214909368,0.736267221415574,-1.97271922637542,0.193690071729534,1.82579006355112,2.80724541049418,2.19807574069797,-2.68329621644421,4.81979165963526
Russian Federation,RUS,GDP per capita growth (annual %),NY.GDP.PCAP.KD.ZG,3.84915193512856,1.53897351738807,-1.04526203847087,-2.18388547157608,0.0102479204324482,1.70938569423402,2.81552410737709,2.24397951657973,-2.48072942766511,5.23438448285034
Russian Federation,RUS,GDP per capita (current US$),NY.GDP.PCAP.CD,15420.875,15974.64453125,14095.6484375,9313.013671875,8704.8984375,10720.3330078125,11287.3603515625,11536.2509765625,10161.982421875,12172.78515625
Russian Federation,RUS,Imports of goods and services (% of GDP),NE.IMP.GNFS.ZS,20.2440700464294,20.441812574244,20.6902442110591,20.6559598687647,20.6636368626929,20.7856433573743,20.7876435683221,20.7953229819275,20.4307307532104,21.2877679855469
Russian Federation,RUS,Imports of goods and services (current US$),NE.IMP.GNFS.CD,447048943248.659,468623084388.968,426062191556.665,281640101283.77,263830624896.542,327207470330.529,344519779600.786,352088504843.391,304075035122.44,378028166719.39
Russian Federation,RUS,Exports of goods and services (% of GDP),NE.EXP.GNFS.ZS,26.9073203393663,25.845336826255,27.1110970517525,28.703389442924,25.8544829769167,26.0908809797568,30.7932568020743,28.4334306799759,25.531215027121,30.8447627705277
Russian Federation,RUS,Exports of goods and services (current US$),NE.EXP.GNFS.CD,594193217854.85,592497432241.002,558283087794.633,391365279621.646,330106672194.393,410722488464.729,510345774006.233,481410368301.623,379986658326.965,547741272403.648
Russian Federation,RUS,"Population, total",SP.POP.TOTL,143201721,143506995,143819667,144096870,144342397,144496739,144477859,144406261,144073139,143446060
Russian Federation,RUS,Gini index,SI.POV.GINI,40.7,40.9,39.9,37.7,36.8,37.2,37.5,37.7,36,..
Saudi Arabia,SAU,GDP (current US$),NY.GDP.MKTP.CD,735974843348.664,746647127407.619,756350347320.381,654269739552.019,644935682011.475,688586094412.68,816578674529.141,803616264791.024,703367841222.555,833541236569.315
Saudi Arabia,SAU,GDP growth (annual %),NY.GDP.MKTP.KD.ZG,5.41142278010331,2.69928107085529,3.65248566592824,4.10639386440421,1.67066425675586,-0.741528418233386,2.51416579969228,0.33378075529167,-4.13767037552623,3.2409297684805
Saudi Arabia,SAU,GDP per capita growth (annual %),NY.GDP.PCAP.KD.ZG,2.20327878525978,-0.366627607055563,0.753970644078976,1.47704544517767,-0.603731003501579,-2.71385270338631,0.684349420670699,-1.32272582558558,-5.63929532034349,1.70194795109265
Saudi Arabia,SAU,GDP per capita (current US$),NY.GDP.PCAP.CD,25243.6019978478,24845.124663596,24464.2125566118,20627.9217793895,19878.7681693177,20802.4617855102,24228.8390391665,23450.5620241541,20203.6688777651,23585.8856300817
Saudi Arabia,SAU,Imports of goods and services (% of GDP),NE.IMP.GNFS.ZS,29.2409476870367,30.7910914755974,33.765179489663,37.7989745181652,30.7178259357979,29.3319458106612,25.666772862631,27.244451955401,25.8936838998287,24.3473279652402
Saudi Arabia,SAU,Imports of goods and services (current US$),NE.IMP.GNFS.CD,215206018933.333,229900800000,255383052343.417,247307252133.333,198110220198.136,201975700072.876,209589393636.078,218940847166.779,182127845459.217,202945018593.049
Saudi Arabia,SAU,Exports of goods and services (% of GDP),NE.EXP.GNFS.ZS,54.2708404972085,51.9179576050307,46.8752915122045,33.3211795599074,31.1442026049524,34.8530624421868,38.5653693884461,35.5716944892767,26.1829049524404,34.7691567419033
Saudi Arabia,SAU,Exports of goods and services (current US$),NE.EXP.GNFS.CD,399419733333.333,387643939066.667,354541430160,218010394722.267,200860075477.285,239993341453.867,314916582179.44,285859922577.6,184162133333.333,289815259051.184
Saudi Arabia,SAU,"Population, total",SP.POP.TOTL,29154906,30052058,30916603,31717676,32443443,33101183,33702757,34268529,34813867,35340680
Saudi Arabia,SAU,Gini index,SI.POV.GINI,..,..,..,..,..,..,..,..,..,..
South Africa,ZAF,GDP (current US$),NY.GDP.MKTP.CD,434400545085.811,400886013595.573,381198869776.106,346709790458.563,323585509674.481,381448814653.456,404842116738.074,387934574098.17,335442101366.417,419946428126.008
South Africa,ZAF,GDP growth (annual %),NY.GDP.MKTP.KD.ZG,2.39623238465745,2.48546800826588,1.41382645223793,1.32186223678229,0.664552307858116,1.15794695181735,1.48761737271568,0.113053696742199,-6.43197482605483,4.91460266078032
South Africa,ZAF,GDP per capita growth (annual %),NY.GDP.PCAP.KD.ZG,0.789721589438102,0.8543441977219,-0.179700598883201,-0.218801180743498,-0.806311266588793,-0.265300653069517,0.113021477550987,-1.19609144119572,-7.61587550157316,3.63325772316756
South Africa,ZAF,GDP per capita (current US$),NY.GDP.PCAP.CD,8222.19727925886,7467.07918510394,6988.80873854682,6259.83968110571,5756.96574098804,6690.93984735096,7005.09541266022,6624.76186493309,5655.86765390396,6994.21165355675
South Africa,ZAF,Imports of goods and services (% of GDP),NE.IMP.GNFS.ZS,28.4434679995666,30.4957473096901,30.4989547517121,29.0130377322327,27.7051693349827,26.1958560481525,27.0189954482599,26.8080657584028,23.3488345013599,24.9634915201511
South Africa,ZAF,Imports of goods and services (current US$),NE.IMP.GNFS.CD,123558580031.425,122253185705.996,116261670807.052,100591042327.088,89649913398.7817,99923782384.0035,109384273094.099,103997755723.817,78321821095.9287,104833290974.413
South Africa,ZAF,Exports of goods and services (% of GDP),NE.EXP.GNFS.ZS,27.1391491937679,28.379280320361,29.0006193033471,27.7136384124829,28.1560881698955,27.3400757812216,27.4885881268174,27.3421804922648,27.778011440401,31.1077352259717
South Africa,ZAF,Exports of goods and services (current US$),NE.EXP.GNFS.CD,117892612029.379,113768565563.408,110550033012.43,96085897668.3633,91109021408.9525,104288394992.827,111285382034.019,106069771441.821,93179145293.4851,130635822952.364
South Africa,ZAF,"Population, total",SP.POP.TOTL,52832659,53687125,54544184,55386369,56207649,57009751,57792520,58558267,59308690,60041996
South Africa,ZAF,Gini index,SI.POV.GINI,..,..,63,..,..,..,..,..,..,..
Spain,ESP,GDP (current US$),NY.GDP.MKTP.CD,1324744314781.64,1355142585077.65,1371222712535.68,1195599995808.59,1232912963206.23,1312539279462.36,1420994142512.16,1393046093137.25,1281484640043.58,1425276586282.92
Spain,ESP,GDP growth (annual %),NY.GDP.MKTP.KD.ZG,-2.95944130173555,-1.43539425919327,1.38390794267029,3.83517266033846,3.03130132981933,2.97364119053731,2.28878567617447,2.08519142117105,-10.8228864939664,5.1294551274826
Spain,ESP,GDP per capita growth (annual %),NY.GDP.PCAP.KD.ZG,-3.02242536982695,-1.11189885449343,1.68744970379751,3.91576845137082,2.94434855983185,2.73236058269681,1.84175785793946,1.35513304460717,-11.253266804126,5.21105000323934
Spain,ESP,GDP per capita (current US$),NY.GDP.PCAP.CD,28322.8092495057,29067.809460022,29500.7894328615,25742.3688346767,26523.3482221547,28170.1678643302,30364.5799435622,29554.4905170087,27056.4217512166,30115.7058866792
Spain,ESP,Imports of goods and services (% of GDP),NE.IMP.GNFS.ZS,29.390097362135,29.033721828239,30.3830421311466,30.586122736848,29.8925339366516,31.5431112166883,32.4455499605654,32.0246710195881,29.1477858153854,33.4097885338775
Spain,ESP,Imports of goods and services (current US$),NE.IMP.GNFS.CD,389343643913.672,393448328527.452,416619174461.567,365687682159.765,368548925935.799,414015724683.53,461049364445.49,446118428478.431,373524398136.966,476181893499.992
Spain,ESP,Exports of goods and services (% of GDP),NE.EXP.GNFS.ZS,31.45527248111,32.9625774735678,33.4825675913959,33.6265184346551,33.8800904977376,35.1494620296471,35.1625876058272,34.954655951783,30.6209378687782,34.9203319660466
Spain,ESP,Exports of goods and services (current US$),NE.EXP.GNFS.CD,416701933892.578,446689924483.531,459120571553.332,402038652995.312,417712027692.608,461350495658.824,499658310234.509,486934469105.882,392402615425.682,497711315364.333
Spain,ESP,"Population, total",SP.POP.TOTL,46773055,46620045,46480882,46444832,46484062,46593236,46797754,47134837,47363419,47326687
Spain,ESP,Gini index,SI.POV.GINI,35.4,36.2,36.1,36.2,35.8,34.7,34.7,34.3,..,..
Turkiye,TUR,GDP (current US$),NY.GDP.MKTP.CD,880556375779.51,957783020853.031,938952628604.067,864316670330.882,869692960365.551,858996263095.858,778471901665.148,761004425605.414,719954821683.31,815271751724.423
Turkiye,TUR,GDP growth (annual %),NY.GDP.MKTP.KD.ZG,4.78849271108008,8.48581699653026,4.9397151613658,6.08448690443663,3.32308420845746,7.50199748917491,2.97988523467896,0.889585160591679,1.79355139618684,10.9861809949254
Turkiye,TUR,GDP per capita growth (annual %),NY.GDP.PCAP.KD.ZG,3.09310182280637,6.66488362329136,3.16809082362309,4.32812777141611,1.6424634093915,5.79426441255653,1.44952251842886,-0.427943737218101,0.695873101348994,10.0678481817088
Turkiye,TUR,GDP per capita (current US$),NY.GDP.PCAP.CD,11795.6334567571,12614.7816100386,12157.9904337823,11006.2795239649,10894.6033779275,10589.667724687,9454.34844272271,9121.51516673708,8536.43331960632,9586.61245005597
Turkiye,TUR,Imports of goods and services (% of GDP),NE.IMP.GNFS.ZS,28.4699271358616,28.7342892947321,28.560759468849,26.557266261846,25.244677102771,29.7227464055755,31.401491384798,30.0145261452933,32.4757475965414,35.8170961450321
Turkiye,TUR,Imports of goods and services (current US$),NE.IMP.GNFS.CD,250693758574.61,275212144027.734,268172001782.043,229538879485.294,219551179629.814,255317280913.352,244451787134.454,228411872290.176,233810710699.001,292006667158.424
Turkiye,TUR,Exports of goods and services (% of GDP),NE.EXP.GNFS.ZS,24.3608755208614,23.7930095050818,25.2055416974053,24.5312773389092,23.0835091311263,26.0394223439924,31.1528780424886,32.5973545785751,28.6648560112337,35.3956283335292
Turkiye,TUR,Exports of goods and services (current US$),NE.EXP.GNFS.CD,214511242594.655,227885405189.621,236668096321.682,212027919485.294,200755653918.744,223677664866.643,242516402120.785,248067310973.245,206374012981.455,288570559148.63
Turkiye,TUR,"Population, total",SP.POP.TOTL,74651046,75925454,77229262,78529413,79827868,81116451,82340090,83429607,84339067,85042736
Turkiye,TUR,Gini index,SI.POV.GINI,40.2,40.2,41.2,42.9,41.9,41.4,41.9,41.9,..,..
United Kingdom,GBR,GDP (current US$),NY.GDP.MKTP.CD,2719158341005.79,2803291406029.93,3087165602962.86,2956573778737.76,2722851958486.23,2699016715111.39,2900791442554.06,2878673912414.44,2756900214107.32,3186859739185.02
United Kingdom,GBR,GDP growth (annual %),NY.GDP.MKTP.KD.ZG,1.46988752075868,1.8900183424514,2.99116481375781,2.62259667901294,2.26346353784494,2.13445309331686,1.65092549602133,1.67194419724758,-9.27041083453351,7.44127309273938
United Kingdom,GBR,GDP per capita growth (annual %),NY.GDP.PCAP.KD.ZG,0.766760919049389,1.20989964548237,2.23545815296934,1.81266163797693,1.4913642994284,1.44292936752505,1.03685521942496,1.0999959123708,-9.60134031933372,7.04938848635004
United Kingdom,GBR,GDP per capita (current US$),NY.GDP.PCAP.CD,42686.8000524926,43713.8141242308,47787.2412984884,45404.5677734722,41499.5557033073,40857.7555829627,43646.9519711493,43070.4983595888,41098.0786527828,47334.3553149875
United Kingdom,GBR,Imports of goods and services (% of GDP),NE.IMP.GNFS.ZS,31.1687014009312,31.0808045037936,29.8740194077057,28.7314774815369,29.8585070796048,31.3090714367118,31.8078256790441,31.9222909053986,28.0667007381483,28.2462558058638
United Kingdom,GBR,Imports of goods and services (current US$),NE.IMP.GNFS.CD,847526343926.61,871285521579.809,922260451377.139,849467329463.063,813002944791.767,845037071423.017,922678685360.227,918938660538.756,773770932742.87,900168554104.287
United Kingdom,GBR,Exports of goods and services (% of GDP),NE.EXP.GNFS.ZS,29.9368811198155,29.7738901545042,28.1098327329943,27.1847735545253,28.2207813201973,30.0456859641903,30.5063972258759,31.0049780892243,28.3622762663919,26.9900485702966
United Kingdom,GBR,Exports of goods and services (current US$),NE.EXP.GNFS.CD,814031200006.45,834648903942.007,867797087183.393,803737886722.33,768410096877.106,810938086343.375,884926960159.758,892532215804.312,781919655113.867,860134991473.265
United Kingdom,GBR,"Population, total",SP.POP.TOTL,63700215,64128273,64602298,65116219,65611593,66058859,66460344,66836327,67081000,67326569
United Kingdom,GBR,Gini index,SI.POV.GINI,32.3,33.2,34,33.2,34.8,35.1,..,..,..,..
United States,USA,GDP (current US$),NY.GDP.MKTP.CD,16253972230000,16843190993000,17550680174000,18206020741000,18695110842000,19479620056000,20527156026000,21372572437000,20893743833000,22996100000000
United States,USA,GDP growth (annual %),NY.GDP.MKTP.KD.ZG,2.28068760319185,1.84187539518688,2.28777593255359,2.70636958176399,1.66747207596187,2.25568048065699,2.91885689667409,2.28886986777364,-3.40458965156256,5.67110719074167
United States,USA,GDP per capita growth (annual %),NY.GDP.PCAP.KD.ZG,1.53310203539129,1.13869234666606,1.54038064866397,1.95300411790625,0.933375361665711,1.61080808257104,2.37847922290794,1.82412448165672,-4.32861775376968,5.54608722296537
United States,USA,GDP per capita (current US$),NY.GDP.PCAP.CD,51784.4185738837,53291.1276891406,55123.8497869046,56762.7294515989,57866.7449341091,59914.777796976,62805.2537579917,65094.7994287929,63027.6795267153,69287.5365879523
United States,USA,Imports of goods and services (% of GDP),NE.IMP.GNFS.ZS,17.0377859689502,16.4242927670279,16.4520404415866,15.3512403383458,14.6474606283054,15.0089734378544,15.2466176806757,14.5793867780072,13.2795588104117,..
United States,USA,Imports of goods and services (current US$),NE.IMP.GNFS.CD,2769317000000,2766375000000,2887445000000,2794850000000,2738359000000,2923691000000,3129697000000,3115990000000,2774597000000,..
United States,USA,Exports of goods and services (% of GDP),NE.EXP.GNFS.ZS,13.6440493967794,13.5780743740926,13.5459593384987,12.4609931641514,11.9395387321555,12.2371893966472,12.3422406727509,11.7895354311111,10.1628986024335,..
United States,USA,Exports of goods and services (current US$),NE.EXP.GNFS.CD,2217700000000,2286981000000,2377408000000,2268651000000,2232110000000,2383758000000,2533511000000,2519727000000,2123410000000,..
United States,USA,"Population, total",SP.POP.TOTL,313877662,316059947,318386329,320738994,323071755,325122128,326838199,328329953,331501080,331893745
United States,USA,Gini index,SI.POV.GINI,40.9,40.7,41.5,41.2,41.1,41.2,41.4,41.5,..,..
,,,,,,,,,,,,,
,,,,,,,,,,,,,
,,,,,,,,,,,,,
Data from database: World Development Indicators,,,,,,,,,,,,,
Last Updated: 09/16/2022,,,,,,,,,,,,,
